attack_id,row,column,fill_value,patch_height,patch_width
0,0,0,0,2,2
1,0,0,1,2,2
2,0,1,0,2,2
3,0,1,1,2,2
4,0,2,0,2,2
5,0,2,1,2,2
6,0,3,0,2,2
7,0,3,1,2,2
8,0,4,0,2,2
9,0,4,1,2,2
10,0,5,0,2,2
11,0,5,1,2,2
12,0,6,0,2,2
13,0,6,1,2,2
14,1,0,0,2,2
15,1,0,1,2,2
16,1,1,0,2,2
17,1,1,1,2,2
18,1,2,0,2,2
19,1,2,1,2,2
20,1,3,0,2,2
21,1,3,1,2,2
22,1,4,0,2,2
23,1,4,1,2,2
24,1,5,0,2,2
25,1,5,1,2,2
26,1,6,0,2,2
27,1,6,1,2,2
28,2,0,0,2,2
29,2,0,1,2,2
30,2,1,0,2,2
31,2,1,1,2,2
32,2,2,0,2,2
33,2,2,1,2,2
34,2,3,0,2,2
35,2,3,1,2,2
36,2,4,0,2,2
37,2,4,1,2,2
38,2,5,0,2,2
39,2,5,1,2,2
40,2,6,0,2,2
41,2,6,1,2,2
42,3,0,0,2,2
43,3,0,1,2,2
44,3,1,0,2,2
45,3,1,1,2,2
46,3,2,0,2,2
47,3,2,1,2,2
48,3,3,0,2,2
49,3,3,1,2,2
50,3,4,0,2,2
51,3,4,1,2,2
52,3,5,0,2,2
53,3,5,1,2,2
54,3,6,0,2,2
55,3,6,1,2,2
56,4,0,0,2,2
57,4,0,1,2,2
58,4,1,0,2,2
59,4,1,1,2,2
60,4,2,0,2,2
61,4,2,1,2,2
62,4,3,0,2,2
63,4,3,1,2,2
64,4,4,0,2,2
65,4,4,1,2,2
66,4,5,0,2,2
67,4,5,1,2,2
68,4,6,0,2,2
69,4,6,1,2,2
70,5,0,0,2,2
71,5,0,1,2,2
72,5,1,0,2,2
73,5,1,1,2,2
74,5,2,0,2,2
75,5,2,1,2,2
76,5,3,0,2,2
77,5,3,1,2,2
78,5,4,0,2,2
79,5,4,1,2,2
80,5,5,0,2,2
81,5,5,1,2,2
82,5,6,0,2,2
83,5,6,1,2,2
84,6,0,0,2,2
85,6,0,1,2,2
86,6,1,0,2,2
87,6,1,1,2,2
88,6,2,0,2,2
89,6,2,1,2,2
90,6,3,0,2,2
91,6,3,1,2,2
92,6,4,0,2,2
93,6,4,1,2,2
94,6,5,0,2,2
95,6,5,1,2,2
96,6,6,0,2,2
97,6,6,1,2,2
