model,k,observed_failure_probability,suite_failure_theta
logistic_regression,1,0.08695524319237782,0.9279538904899135
logistic_regression,2,0.15860603131891218,0.9279538904899135
logistic_regression,3,0.21912725490832122,0.9279538904899135
logistic_regression,4,0.2712524642566508,0.9279538904899135
logistic_regression,5,0.3168362940289406,0.9279538904899135
logistic_regression,6,0.3571822536340231,0.9279538904899135
logistic_regression,7,0.3932376719853358,0.9279538904899135
logistic_regression,8,0.4257123447352702,0.9279538904899135
logistic_regression,9,0.4551526125127258,0.9279538904899135
logistic_regression,10,0.48198889157810604,0.9279538904899135
logistic_regression,11,0.5065670427633766,0.9279538904899135
logistic_regression,12,0.5291696655759975,0.9279538904899135
logistic_regression,13,0.550030952899605,0.9279538904899135
logistic_regression,14,0.5693473230480144,0.9279538904899135
logistic_regression,15,0.5872852111538321,0.9279538904899135
logistic_regression,16,0.6039869015924161,0.9279538904899135
logistic_regression,17,0.6195749773482699,0.9279538904899135
logistic_regression,18,0.6341557713867426,0.9279538904899135
logistic_regression,19,0.6478220834030215,0.9279538904899135
logistic_regression,20,0.6606553460207288,0.9279538904899135
logistic_regression,21,0.6727273717124267,0.9279538904899135
logistic_regression,22,0.6841017758154453,0.9279538904899135
logistic_regression,23,0.6948351461167385,0.9279538904899135
logistic_regression,24,0.7049780118834207,0.9279538904899135
logistic_regression,25,0.7145756525620924,0.9279538904899135
logistic_regression,26,0.7236687771256385,0.9279538904899135
logistic_regression,27,0.732294098194135,0.9279538904899135
logistic_regression,28,0.7404848199107357,0.9279538904899135
logistic_regression,29,0.748271054642796,0.9279538904899135
logistic_regression,30,0.7556801805742636,0.9279538904899135
logistic_regression,31,0.762737149924502,0.9279538904899135
logistic_regression,32,0.769464755703798,0.9279538904899135
logistic_regression,33,0.7758838634749919,0.9279538904899135
logistic_regression,34,0.7820136134442427,0.9279538904899135
logistic_regression,35,0.7878715972851597,0.9279538904899135
logistic_regression,36,0.793474013359218,0.9279538904899135
logistic_regression,37,0.7988358033935249,0.9279538904899135
logistic_regression,38,0.8039707731855206,0.9279538904899135
logistic_regression,39,0.8088916995006867,0.9279538904899135
logistic_regression,40,0.8136104249963639,0.9279538904899135
logistic_regression,41,0.8181379427287849,0.9279538904899135
logistic_regression,42,0.8224844715706103,0.9279538904899135
logistic_regression,43,0.82665952367417,0.9279538904899135
logistic_regression,44,0.830671964954442,0.9279538904899135
logistic_regression,45,0.8345300694300849,0.9279538904899135
logistic_regression,46,0.8382415681462029,0.9279538904899135
logistic_regression,47,0.8418136933053603,0.9279538904899135
logistic_regression,48,0.8452532181507844,0.9279538904899135
logistic_regression,49,0.8485664930752961,0.9279538904899135
logistic_regression,50,0.8517594783693142,0.9279538904899135
logistic_regression,51,0.8548377739696971,0.9279538904899135
logistic_regression,52,0.8578066465268277,0.9279538904899135
logistic_regression,53,0.8606710540691183,0.9279538904899135
logistic_regression,54,0.8634356685110817,0.9279538904899135
logistic_regression,55,0.8661048962224781,0.9279538904899135
logistic_regression,56,0.8686828968511743,0.9279538904899135
logistic_regression,57,0.8711736005706832,0.9279538904899135
logistic_regression,58,0.8735807239044202,0.9279538904899135
logistic_regression,59,0.8759077842621372,0.9279538904899135
logistic_regression,60,0.8781581133094465,0.9279538904899135
logistic_regression,61,0.8803348692785304,0.9279538904899135
logistic_regression,62,0.8824410483168407,0.9279538904899135
logistic_regression,63,0.8844794949605901,0.9279538904899135
logistic_regression,64,0.886452911810993,0.9279538904899135
logistic_regression,65,0.8883638684833314,0.9279538904899135
logistic_regression,66,0.8902148098919342,0.9279538904899135
logistic_regression,67,0.8920080639279145,0.9279538904899135
logistic_regression,68,0.8937458485809258,0.9279538904899135
logistic_regression,69,0.8954302785512278,0.9279538904899135
logistic_regression,70,0.8970633713938748,0.9279538904899135
logistic_regression,71,0.8986470532328337,0.9279538904899135
logistic_regression,72,0.9001831640792524,0.9279538904899135
logistic_regression,73,0.9016734627848533,0.9279538904899135
logistic_regression,74,0.9031196316585263,0.9279538904899135
logistic_regression,75,0.9045232807715775,0.9279538904899135
logistic_regression,76,0.9058859519747263,0.9279538904899135
logistic_regression,77,0.9072091226478217,0.9279538904899135
logistic_regression,78,0.9084942092013325,0.9279538904899135
logistic_regression,79,0.9097425703469326,0.9279538904899135
logistic_regression,80,0.910955510152946,0.9279538904899135
logistic_regression,81,0.9121342808990048,0.9279538904899135
logistic_regression,82,0.9132800857430018,0.9279538904899135
logistic_regression,83,0.9143940812122705,0.9279538904899135
logistic_regression,84,0.9154773795298845,0.9279538904899135
logistic_regression,85,0.9165310507860296,0.9279538904899135
logistic_regression,86,0.9175561249635504,0.9279538904899135
logistic_regression,87,0.9185535938260057,0.9279538904899135
logistic_regression,88,0.9195244126758623,0.9279538904899135
logistic_regression,89,0.9204695019898301,0.9279538904899135
logistic_regression,90,0.921389748937758,0.9279538904899135
logistic_regression,91,0.922286008790988,0.9279538904899135
logistic_regression,92,0.9231591062255841,0.9279538904899135
logistic_regression,93,0.9240098365254119,0.9279538904899135
logistic_regression,94,0.924838966689642,0.9279538904899135
logistic_regression,95,0.9256472364488741,0.9279538904899135
logistic_regression,96,0.9264353591937383,0.9279538904899135
logistic_regression,97,0.9272040228195024,0.9279538904899135
logistic_regression,98,0.9279538904899135,0.9279538904899135
random_forest,1,0.04710471920579929,0.7902995720399429
random_forest,2,0.08859124337118114,0.7902995720399429
random_forest,3,0.1256218761752094,0.7902995720399429
random_forest,4,0.15903597353374108,0.7902995720399429
random_forest,5,0.18945341408874436,0.7902995720399429
random_forest,6,0.21734239475041042,0.7902995720399429
random_forest,7,0.24306435939963533,0.7902995720399429
random_forest,8,0.2669041709512301,0.7902995720399429
random_forest,9,0.28909067750181056,0.7902995720399429
random_forest,10,0.3098109588896429,0.7902995720399429
random_forest,11,0.329220363963575,0.7902995720399429
random_forest,12,0.3474497049962375,0.7902995720399429
random_forest,13,0.3646105030868263,0.7902995720399429
random_forest,14,0.38079887627251646,0.7902995720399429
random_forest,15,0.39609846733646065,0.7902995720399429
random_forest,16,0.4105826815220469,0.7902995720399429
random_forest,17,0.42431642084758087,0.7902995720399429
random_forest,18,0.4373574459688177,0.7902995720399429
random_forest,19,0.44975745879407864,0.7902995720399429
random_forest,20,0.46156297312576333,0.7902995720399429
random_forest,21,0.4728160225235408,0.7902995720399429
random_forest,22,0.4835547418007515,0.7902995720399429
random_forest,23,0.4938138494045095,0.7902995720399429
random_forest,24,0.5036250512837032,0.7902995720399429
random_forest,25,0.513017381972894,0.7902995720399429
random_forest,26,0.522017495006043,0.7902995720399429
random_forest,27,0.5306499120705539,0.7902995720399429
random_forest,28,0.5389372382727469,0.7902995720399429
random_forest,29,0.546900349335317,0.7902995720399429
random_forest,30,0.5545585553597132,0.7902995720399429
random_forest,31,0.5619297448702547,0.7902995720399429
random_forest,32,0.5690305121452127,0.7902995720399429
random_forest,33,0.5758762702835967,0.7902995720399429
random_forest,34,0.5824813520181958,0.7902995720399429
random_forest,35,0.5888590999380402,0.7902995720399429
random_forest,36,0.5950219475061457,0.7902995720399429
random_forest,37,0.6009814920354991,0.7902995720399429
random_forest,38,0.6067485606058288,0.7902995720399429
random_forest,39,0.6123332697566357,0.7902995720399429
random_forest,40,0.6177450796712555,0.7902995720399429
random_forest,41,0.6229928434669659,0.7902995720399429
random_forest,42,0.6280848521231329,0.7902995720399429
random_forest,43,0.6330288755098598,0.7902995720399429
random_forest,44,0.6378321999209868,0.7902995720399429
random_forest,45,0.6425016624655638,0.7902995720399429
random_forest,46,0.6470436826294989,0.7902995720399429
random_forest,47,0.6514642912826942,0.7902995720399429
random_forest,48,0.6557691573755979,0.7902995720399429
random_forest,49,0.6599636125419113,0.7902995720399429
random_forest,50,0.6640526738005246,0.7902995720399429
random_forest,51,0.668041064529089,0.7902995720399429
random_forest,52,0.6719332338634957,0.7902995720399429
random_forest,53,0.6757333746615861,0.7902995720399429
random_forest,54,0.6794454401553426,0.7902995720399429
random_forest,55,0.6830731594033587,0.7902995720399429
random_forest,56,0.6866200516443377,0.7902995720399429
random_forest,57,0.6900894396425628,0.7902995720399429
random_forest,58,0.69348446210753,0.7902995720399429
random_forest,59,0.6968080852621484,0.7902995720399429
random_forest,60,0.7000631136269384,0.7902995720399429
random_forest,61,0.7032522000814283,0.7902995720399429
random_forest,62,0.7063778552583645,0.7902995720399429
random_forest,63,0.7094424563213414,0.7902995720399429
random_forest,64,0.7124482551719543,0.7902995720399429
random_forest,65,0.7153973861285376,0.7902995720399429
random_forest,66,0.7182918731149031,0.7902995720399429
random_forest,67,0.7211336363942178,0.7902995720399429
random_forest,68,0.7239244988801952,0.7902995720399429
random_forest,69,0.7266661920551024,0.7902995720399429
random_forest,70,0.7293603615216712,0.7902995720399429
random_forest,71,0.7320085722138095,0.7902995720399429
random_forest,72,0.734612313289032,0.7902995720399429
random_forest,73,0.7371730027237281,0.7902995720399429
random_forest,74,0.7396919916307549,0.7902995720399429
random_forest,75,0.7421705683173542,0.7902995720399429
random_forest,76,0.7446099621000438,0.7902995720399429
random_forest,77,0.7470113468918999,0.7902995720399429
random_forest,78,0.7493758445765171,0.7902995720399429
random_forest,79,0.751704528181909,0.7902995720399429
random_forest,80,0.753998424866666,0.7902995720399429
random_forest,81,0.7562585187298186,0.7902995720399429
random_forest,82,0.7584857534550727,0.7902995720399429
random_forest,83,0.7606810347993349,0.7902995720399429
random_forest,84,0.762845232934793,0.7902995720399429
random_forest,85,0.7649791846531774,0.7902995720399429
random_forest,86,0.7670836954402744,0.7902995720399429
random_forest,87,0.7691595414282199,0.7902995720399429
random_forest,88,0.7712074712326148,0.7902995720399429
random_forest,89,0.7732282076810594,0.7902995720399429
random_forest,90,0.7752224494392645,0.7902995720399429
random_forest,91,0.7771908725405265,0.7902995720399429
random_forest,92,0.7791341318239738,0.7902995720399429
random_forest,93,0.7810528622866679,0.7902995720399429
random_forest,94,0.7829476803543189,0.7902995720399429
random_forest,95,0.7848191850750919,0.7902995720399429
random_forest,96,0.7866679592406988,0.7902995720399429
random_forest,97,0.788494570438732,0.7902995720399429
random_forest,98,0.7902995720399429,0.7902995720399429
