model,s,input_count,pool_fraction
logistic_regression,0,50,0.07204610951008646
logistic_regression,1,51,0.07348703170028818
logistic_regression,2,62,0.0893371757925072
logistic_regression,3,70,0.10086455331412104
logistic_regression,4,62,0.0893371757925072
logistic_regression,5,36,0.05187319884726225
logistic_regression,6,59,0.08501440922190202
logistic_regression,7,31,0.0446685878962536
logistic_regression,8,33,0.04755043227665706
logistic_regression,9,22,0.03170028818443804
logistic_regression,10,33,0.04755043227665706
logistic_regression,11,22,0.03170028818443804
logistic_regression,12,20,0.02881844380403458
logistic_regression,13,11,0.01585014409221902
logistic_regression,14,9,0.012968299711815562
logistic_regression,15,13,0.018731988472622477
logistic_regression,16,13,0.018731988472622477
logistic_regression,17,13,0.018731988472622477
logistic_regression,18,10,0.01440922190201729
logistic_regression,19,7,0.010086455331412104
logistic_regression,20,6,0.008645533141210375
logistic_regression,21,4,0.005763688760806916
logistic_regression,22,5,0.007204610951008645
logistic_regression,23,2,0.002881844380403458
logistic_regression,24,2,0.002881844380403458
logistic_regression,25,7,0.010086455331412104
logistic_regression,26,3,0.004322766570605188
logistic_regression,27,2,0.002881844380403458
logistic_regression,28,4,0.005763688760806916
logistic_regression,29,2,0.002881844380403458
logistic_regression,30,7,0.010086455331412104
logistic_regression,31,1,0.001440922190201729
logistic_regression,32,0,0.0
logistic_regression,33,0,0.0
logistic_regression,34,2,0.002881844380403458
logistic_regression,35,1,0.001440922190201729
logistic_regression,36,1,0.001440922190201729
logistic_regression,37,2,0.002881844380403458
logistic_regression,38,1,0.001440922190201729
logistic_regression,39,1,0.001440922190201729
logistic_regression,40,1,0.001440922190201729
logistic_regression,41,2,0.002881844380403458
logistic_regression,42,4,0.005763688760806916
logistic_regression,43,0,0.0
logistic_regression,44,0,0.0
logistic_regression,45,1,0.001440922190201729
logistic_regression,46,2,0.002881844380403458
logistic_regression,47,0,0.0
logistic_regression,48,0,0.0
logistic_regression,49,1,0.001440922190201729
logistic_regression,50,1,0.001440922190201729
logistic_regression,51,0,0.0
logistic_regression,52,0,0.0
logistic_regression,53,1,0.001440922190201729
logistic_regression,54,0,0.0
logistic_regression,55,1,0.001440922190201729
logistic_regression,56,0,0.0
logistic_regression,57,0,0.0
logistic_regression,58,0,0.0
logistic_regression,59,0,0.0
logistic_regression,60,0,0.0
logistic_regression,61,0,0.0
logistic_regression,62,0,0.0
logistic_regression,63,0,0.0
logistic_regression,64,0,0.0
logistic_regression,65,0,0.0
logistic_regression,66,0,0.0
logistic_regression,67,0,0.0
logistic_regression,68,0,0.0
logistic_regression,69,0,0.0
logistic_regression,70,0,0.0
logistic_regression,71,0,0.0
logistic_regression,72,0,0.0
logistic_regression,73,0,0.0
logistic_regression,74,0,0.0
logistic_regression,75,0,0.0
logistic_regression,76,0,0.0
logistic_regression,77,0,0.0
logistic_regression,78,0,0.0
logistic_regression,79,0,0.0
logistic_regression,80,0,0.0
logistic_regression,81,0,0.0
logistic_regression,82,0,0.0
logistic_regression,83,0,0.0
logistic_regression,84,0,0.0
logistic_regression,85,0,0.0
logistic_regression,86,0,0.0
logistic_regression,87,0,0.0
logistic_regression,88,0,0.0
logistic_regression,89,0,0.0
logistic_regression,90,0,0.0
logistic_regression,91,0,0.0
logistic_regression,92,0,0.0
logistic_regression,93,0,0.0
logistic_regression,94,0,0.0
logistic_regression,95,0,0.0
logistic_regression,96,0,0.0
logistic_regression,97,0,0.0
logistic_regression,98,0,0.0
random_forest,0,147,0.20970042796005706
random_forest,1,124,0.1768901569186876
random_forest,2,72,0.10271041369472182
random_forest,3,59,0.08416547788873038
random_forest,4,36,0.05135520684736091
random_forest,5,47,0.06704707560627675
random_forest,6,48,0.06847360912981455
random_forest,7,36,0.05135520684736091
random_forest,8,26,0.037089871611982884
random_forest,9,19,0.02710413694721826
random_forest,10,14,0.019971469329529243
random_forest,11,8,0.011412268188302425
random_forest,12,14,0.019971469329529243
random_forest,13,6,0.008559201141226819
random_forest,14,8,0.011412268188302425
random_forest,15,1,0.0014265335235378032
random_forest,16,4,0.005706134094151213
random_forest,17,1,0.0014265335235378032
random_forest,18,4,0.005706134094151213
random_forest,19,1,0.0014265335235378032
random_forest,20,0,0.0
random_forest,21,5,0.007132667617689016
random_forest,22,1,0.0014265335235378032
random_forest,23,2,0.0028530670470756064
random_forest,24,4,0.005706134094151213
random_forest,25,2,0.0028530670470756064
random_forest,26,0,0.0
random_forest,27,2,0.0028530670470756064
random_forest,28,1,0.0014265335235378032
random_forest,29,1,0.0014265335235378032
random_forest,30,0,0.0
random_forest,31,2,0.0028530670470756064
random_forest,32,1,0.0014265335235378032
random_forest,33,1,0.0014265335235378032
random_forest,34,1,0.0014265335235378032
random_forest,35,0,0.0
random_forest,36,0,0.0
random_forest,37,0,0.0
random_forest,38,0,0.0
random_forest,39,0,0.0
random_forest,40,0,0.0
random_forest,41,0,0.0
random_forest,42,1,0.0014265335235378032
random_forest,43,1,0.0014265335235378032
random_forest,44,1,0.0014265335235378032
random_forest,45,0,0.0
random_forest,46,0,0.0
random_forest,47,0,0.0
random_forest,48,0,0.0
random_forest,49,0,0.0
random_forest,50,0,0.0
random_forest,51,0,0.0
random_forest,52,0,0.0
random_forest,53,0,0.0
random_forest,54,0,0.0
random_forest,55,0,0.0
random_forest,56,0,0.0
random_forest,57,0,0.0
random_forest,58,0,0.0
random_forest,59,0,0.0
random_forest,60,0,0.0
random_forest,61,0,0.0
random_forest,62,0,0.0
random_forest,63,0,0.0
random_forest,64,0,0.0
random_forest,65,0,0.0
random_forest,66,0,0.0
random_forest,67,0,0.0
random_forest,68,0,0.0
random_forest,69,0,0.0
random_forest,70,0,0.0
random_forest,71,0,0.0
random_forest,72,0,0.0
random_forest,73,0,0.0
random_forest,74,0,0.0
random_forest,75,0,0.0
random_forest,76,0,0.0
random_forest,77,0,0.0
random_forest,78,0,0.0
random_forest,79,0,0.0
random_forest,80,0,0.0
random_forest,81,0,0.0
random_forest,82,0,0.0
random_forest,83,0,0.0
random_forest,84,0,0.0
random_forest,85,0,0.0
random_forest,86,0,0.0
random_forest,87,0,0.0
random_forest,88,0,0.0
random_forest,89,0,0.0
random_forest,90,0,0.0
random_forest,91,0,0.0
random_forest,92,0,0.0
random_forest,93,0,0.0
random_forest,94,0,0.0
random_forest,95,0,0.0
random_forest,96,0,0.0
random_forest,97,0,0.0
random_forest,98,0,0.0
