B,d,theta,exact_minimum,formula,bellman,minimizing_depths,allocations_checked,bellman_states
0,1,0,1,1,1,[],1,1
0,1,1/5,1,1,1,[],1,1
0,1,1/2,1,1,1,[],1,1
0,1,4/5,1,1,1,[],1,1
0,1,1,1,1,1,[],1,1
1,1,0,1,1,1,[],2,2
1,1,1/5,4/5,4/5,4/5,[1],2,2
1,1,1/2,1/2,1/2,1/2,[1],2,2
1,1,4/5,1/5,1/5,1/5,[1],2,2
1,1,1,0,0,0,[1],2,1
2,1,0,1,1,1,[],3,3
2,1,1/5,16/25,16/25,16/25,"[1, 1]",3,3
2,1,1/2,1/4,1/4,1/4,"[1, 1]",3,3
2,1,4/5,1/25,1/25,1/25,"[1, 1]",3,3
2,1,1,0,0,0,[1],3,1
3,1,0,1,1,1,[],4,4
3,1,1/5,64/125,64/125,64/125,"[1, 1, 1]",4,4
3,1,1/2,1/8,1/8,1/8,"[1, 1, 1]",4,4
3,1,4/5,1/125,1/125,1/125,"[1, 1, 1]",4,4
3,1,1,0,0,0,[1],4,1
4,1,0,1,1,1,[],5,5
4,1,1/5,256/625,256/625,256/625,"[1, 1, 1, 1]",5,5
4,1,1/2,1/16,1/16,1/16,"[1, 1, 1, 1]",5,5
4,1,4/5,1/625,1/625,1/625,"[1, 1, 1, 1]",5,5
4,1,1,0,0,0,[1],5,1
5,1,0,1,1,1,[],6,6
5,1,1/5,1024/3125,1024/3125,1024/3125,"[1, 1, 1, 1, 1]",6,6
5,1,1/2,1/32,1/32,1/32,"[1, 1, 1, 1, 1]",6,6
5,1,4/5,1/3125,1/3125,1/3125,"[1, 1, 1, 1, 1]",6,6
5,1,1,0,0,0,[1],6,1
6,1,0,1,1,1,[],7,7
6,1,1/5,4096/15625,4096/15625,4096/15625,"[1, 1, 1, 1, 1, 1]",7,7
6,1,1/2,1/64,1/64,1/64,"[1, 1, 1, 1, 1, 1]",7,7
6,1,4/5,1/15625,1/15625,1/15625,"[1, 1, 1, 1, 1, 1]",7,7
6,1,1,0,0,0,[1],7,1
7,1,0,1,1,1,[],8,8
7,1,1/5,16384/78125,16384/78125,16384/78125,"[1, 1, 1, 1, 1, 1, 1]",8,8
7,1,1/2,1/128,1/128,1/128,"[1, 1, 1, 1, 1, 1, 1]",8,8
7,1,4/5,1/78125,1/78125,1/78125,"[1, 1, 1, 1, 1, 1, 1]",8,8
7,1,1,0,0,0,[1],8,1
0,2,0,1,1,1,[],1,1
0,2,1/5,1,1,1,[],1,1
0,2,1/2,1,1,1,[],1,1
0,2,4/5,1,1,1,[],1,1
0,2,1,1,1,1,[],1,1
1,2,0,1,1,1,[],2,2
1,2,1/5,9/10,9/10,9/10,[1],2,2
1,2,1/2,3/4,3/4,3/4,[1],2,2
1,2,4/5,3/5,3/5,3/5,[1],2,2
1,2,1,1/2,1/2,1/2,[1],2,2
2,2,0,1,1,1,[],4,4
2,2,1/5,4/5,4/5,4/5,[2],4,4
2,2,1/2,1/2,1/2,1/2,[2],4,4
2,2,4/5,1/5,1/5,1/5,[2],4,4
2,2,1,0,0,0,[2],4,3
3,2,0,1,1,1,[],6,6
3,2,1/5,18/25,18/25,18/25,"[1, 2]",6,6
3,2,1/2,3/8,3/8,3/8,"[1, 2]",6,6
3,2,4/5,3/25,3/25,3/25,"[1, 2]",6,6
3,2,1,0,0,0,[2],6,4
4,2,0,1,1,1,[],9,9
4,2,1/5,16/25,16/25,16/25,"[2, 2]",9,9
4,2,1/2,1/4,1/4,1/4,"[2, 2]",9,9
4,2,4/5,1/25,1/25,1/25,"[2, 2]",9,9
4,2,1,0,0,0,[2],9,5
5,2,0,1,1,1,[],12,12
5,2,1/5,72/125,72/125,72/125,"[1, 2, 2]",12,12
5,2,1/2,3/16,3/16,3/16,"[1, 2, 2]",12,12
5,2,4/5,3/125,3/125,3/125,"[1, 2, 2]",12,12
5,2,1,0,0,0,[2],12,6
6,2,0,1,1,1,[],16,16
6,2,1/5,64/125,64/125,64/125,"[2, 2, 2]",16,16
6,2,1/2,1/8,1/8,1/8,"[2, 2, 2]",16,16
6,2,4/5,1/125,1/125,1/125,"[2, 2, 2]",16,16
6,2,1,0,0,0,[2],16,7
7,2,0,1,1,1,[],20,20
7,2,1/5,288/625,288/625,288/625,"[1, 2, 2, 2]",20,20
7,2,1/2,3/32,3/32,3/32,"[1, 2, 2, 2]",20,20
7,2,4/5,3/625,3/625,3/625,"[1, 2, 2, 2]",20,20
7,2,1,0,0,0,[2],20,8
0,3,0,1,1,1,[],1,1
0,3,1/5,1,1,1,[],1,1
0,3,1/2,1,1,1,[],1,1
0,3,4/5,1,1,1,[],1,1
0,3,1,1,1,1,[],1,1
1,3,0,1,1,1,[],2,2
1,3,1/5,14/15,14/15,14/15,[1],2,2
1,3,1/2,5/6,5/6,5/6,[1],2,2
1,3,4/5,11/15,11/15,11/15,[1],2,2
1,3,1,2/3,2/3,2/3,[1],2,2
2,3,0,1,1,1,[],4,4
2,3,1/5,13/15,13/15,13/15,[2],4,4
2,3,1/2,2/3,2/3,2/3,[2],4,4
2,3,4/5,7/15,7/15,7/15,[2],4,4
2,3,1,1/3,1/3,1/3,[2],4,4
3,3,0,1,1,1,[],7,7
3,3,1/5,4/5,4/5,4/5,[3],7,7
3,3,1/2,1/2,1/2,1/2,[3],7,7
3,3,4/5,1/5,1/5,1/5,[3],7,7
3,3,1,0,0,0,[3],7,6
4,3,0,1,1,1,[],11,11
4,3,1/5,56/75,56/75,56/75,"[1, 3]",11,11
4,3,1/2,5/12,5/12,5/12,"[1, 3]",11,11
4,3,4/5,11/75,11/75,11/75,"[1, 3]",11,11
4,3,1,0,0,0,[3],11,9
5,3,0,1,1,1,[],16,16
5,3,1/5,52/75,52/75,52/75,"[2, 3]",16,16
5,3,1/2,1/3,1/3,1/3,"[2, 3]",16,16
5,3,4/5,7/75,7/75,7/75,"[2, 3]",16,16
5,3,1,0,0,0,[3],16,12
6,3,0,1,1,1,[],23,23
6,3,1/5,16/25,16/25,16/25,"[3, 3]",23,23
6,3,1/2,1/4,1/4,1/4,"[3, 3]",23,23
6,3,4/5,1/25,1/25,1/25,"[3, 3]",23,23
6,3,1,0,0,0,[3],23,16
7,3,0,1,1,1,[],31,31
7,3,1/5,224/375,224/375,224/375,"[1, 3, 3]",31,31
7,3,1/2,5/24,5/24,5/24,"[1, 3, 3]",31,31
7,3,4/5,11/375,11/375,11/375,"[1, 3, 3]",31,31
7,3,1,0,0,0,[3],31,20
0,4,0,1,1,1,[],1,1
0,4,1/5,1,1,1,[],1,1
0,4,1/2,1,1,1,[],1,1
0,4,4/5,1,1,1,[],1,1
0,4,1,1,1,1,[],1,1
1,4,0,1,1,1,[],2,2
1,4,1/5,19/20,19/20,19/20,[1],2,2
1,4,1/2,7/8,7/8,7/8,[1],2,2
1,4,4/5,4/5,4/5,4/5,[1],2,2
1,4,1,3/4,3/4,3/4,[1],2,2
2,4,0,1,1,1,[],4,4
2,4,1/5,9/10,9/10,9/10,[2],4,4
2,4,1/2,3/4,3/4,3/4,[2],4,4
2,4,4/5,3/5,3/5,3/5,[2],4,4
2,4,1,1/2,1/2,1/2,[2],4,4
3,4,0,1,1,1,[],7,7
3,4,1/5,17/20,17/20,17/20,[3],7,7
3,4,1/2,5/8,5/8,5/8,[3],7,7
3,4,4/5,2/5,2/5,2/5,[3],7,7
3,4,1,1/4,1/4,1/4,[3],7,7
4,4,0,1,1,1,[],12,12
4,4,1/5,4/5,4/5,4/5,[4],12,12
4,4,1/2,1/2,1/2,1/2,[4],12,12
4,4,4/5,1/5,1/5,1/5,[4],12,12
4,4,1,0,0,0,[4],12,11
5,4,0,1,1,1,[],18,18
5,4,1/5,19/25,19/25,19/25,"[1, 4]",18,18
5,4,1/2,7/16,7/16,7/16,"[1, 4]",18,18
5,4,4/5,4/25,4/25,4/25,"[1, 4]",18,18
5,4,1,0,0,0,[4],18,16
6,4,0,1,1,1,[],27,27
6,4,1/5,18/25,18/25,18/25,"[2, 4]",27,27
6,4,1/2,3/8,3/8,3/8,"[2, 4]",27,27
6,4,4/5,3/25,3/25,3/25,"[2, 4]",27,27
6,4,1,0,0,0,[4],27,23
7,4,0,1,1,1,[],38,38
7,4,1/5,17/25,17/25,17/25,"[3, 4]",38,38
7,4,1/2,5/16,5/16,5/16,"[3, 4]",38,38
7,4,4/5,2/25,2/25,2/25,"[3, 4]",38,38
7,4,1,0,0,0,[4],38,31
