example,B,d,r,b,delta,sharp_zero_upper,endpoint_lower_exact,endpoint_upper_exact,floor_full_only_upper,uniform_k4_upper
no_queries,0,64,0,0,1/20,1.0,1,1,1.0,
insufficient_for_nontrivial_95_percent,60,64,0,60,1/20,1.0,1,1,1.0,1.0
first_nontrivial_95_percent_budget,61,64,0,61,1/20,0.9967213114754099,304/305,304/305,1.0,
one_full_input,64,64,1,0,1/20,0.9500000000000001,19/20,19/20,0.9500000000000001,1.0
one_full_plus_one_query,65,64,1,1,1/20,0.9492472356046631,71723093270018013412181/75557863725914323419136,1147569492320288214594897/1208925819614629174706176,0.9500000000000001,
paper_64_attacks_2000_queries,2000,64,31,16,1/20,0.09143656937389338,110540029573083950152543/1208925819614629174706176,3454375924158873442267/37778931862957161709568,0.09211405994732375,0.09557682426159296
divisible_64_attack_budget,2048,64,32,0,1/20,0.08936819898626479,54019761603476710430261/604462909807314587353088,108039523206953420860523/1208925819614629174706176,0.08936819898626479,0.09334328960890038
controlled_strongreject_budget,7200,36,200,0,1/20,0.014867039231272059,17973147587908419775079/1208925819614629174706176,2246643448488552471885/151115727451828646838272,0.014867039231272059,0.014966203818833958
controlled_classifier_budget,19600,98,200,0,1/20,0.014867039231272059,17973147587908419775079/1208925819614629174706176,2246643448488552471885/151115727451828646838272,0.014867039231272059,0.014974083519184672
