model,m,k,theta,full_inputs,mean_width,coverage,detection_mean_width,detection_coverage,mean_detected,full_mean_width,full_coverage,max_primal_residual
logistic_regression,100,1,0.9279538904899135,1,0.9624974508158517,1.0,0.9579201491439819,1.0,0.08879999999999999,0.975,1.0,0.0
logistic_regression,100,4,0.9279538904899135,4,0.7293720829131078,1.0,0.8018582844879514,1.0,0.2833,0.6444303598286535,1.0,4.440892098500626e-16
logistic_regression,100,16,0.9279538904899135,16,0.4646913892678951,1.0,0.5040731906682063,1.0,0.5982999999999999,0.2898162024475124,1.0,4.3152148521130584e-12
logistic_regression,100,64,0.9279538904899135,65,0.19584649531760084,1.0,0.18822533909548347,1.0,0.8894,0.1368772911284372,0.98,3.243393944813867e-11
logistic_regression,100,98,0.9279538904899135,100,0.10754224526213667,0.96,0.10754224526213667,0.96,0.9312999999999999,0.109261064691879,0.96,0.0
logistic_regression,500,1,0.9279538904899135,5,0.9407164756849566,1.0,0.9378849878545933,1.0,0.08495999999999997,0.5735620269340823,1.0,2.220446049250313e-16
logistic_regression,500,4,0.9279538904899135,20,0.6348231412017524,1.0,0.7679872295667888,1.0,0.27044,0.26463272221761525,1.0,3.1086244689504383e-15
logistic_regression,500,16,0.9279538904899135,81,0.3507177405141029,1.0,0.438536248251073,1.0,0.60578,0.11960956692946731,0.99,1.809749398951066e-11
logistic_regression,500,64,0.9279538904899135,326,0.13503083171649385,1.0,0.14650915712332666,1.0,0.8847400000000001,0.05915982667920771,0.95,5.5333095744236616e-11
logistic_regression,500,98,0.9279538904899135,500,0.04739848133103561,0.95,0.04739848133103562,0.95,0.9272400000000001,0.04713247229515528,1.0,0.0
logistic_regression,2000,1,0.9279538904899135,20,0.9269218160520445,1.0,0.9253175498335797,1.0,0.08664,0.26352128003854935,0.96,1.1102230246251565e-16
logistic_regression,2000,4,0.9279538904899135,81,0.5614640024540741,1.0,0.7482790703947417,1.0,0.2711,0.11889161610492394,0.97,5.995204332975845e-15
logistic_regression,2000,16,0.9279538904899135,326,0.288517306730085,1.0,0.4187252012632134,1.0,0.6031,0.05903503271325402,0.93,2.1173692139886402e-11
logistic_regression,2000,64,0.9279538904899135,1306,0.07918647761932235,1.0,0.12862790009131253,1.0,0.886105,0.02865676636548311,0.97,4.51804427203939e-11
logistic_regression,2000,98,0.9279538904899135,2000,0.02323691432486877,0.95,0.023236914324868768,0.95,0.927305,0.023103676732788264,0.94,0.0
random_forest,100,1,0.7902995720399429,1,0.9865989926136127,1.0,0.9841435257129237,1.0,0.04700000000000003,0.975,1.0,0.0
random_forest,100,4,0.7902995720399429,4,0.8679072075998677,1.0,0.9061853961240822,1.0,0.1587,0.7173391116104463,1.0,2.220446049250313e-16
random_forest,100,16,0.7902995720399429,16,0.6381088673149451,1.0,0.6831823403606191,1.0,0.414,0.42086522463944026,0.97,3.5385999685999536e-12
random_forest,100,64,0.7902995720399429,65,0.3669804393299492,1.0,0.38936484149518225,1.0,0.7094,0.20525096718121028,0.92,1.3862633263528323e-11
random_forest,100,98,0.7902995720399429,100,0.16676957381805735,0.94,0.16676957381805735,0.94,0.7893000000000001,0.16749343559571056,0.97,0.0
random_forest,500,1,0.7902995720399429,5,0.9719774002910673,1.0,0.9700509076574504,1.0,0.04658000000000004,0.7020201128840178,0.99,1.1102230246251565e-16
random_forest,500,4,0.7902995720399429,20,0.7719737157109356,1.0,0.8682136459078095,1.0,0.16302000000000003,0.37325450728267484,0.98,1.0658141036401503e-14
random_forest,500,16,0.7902995720399429,81,0.5353294672161724,1.0,0.6300557907620233,1.0,0.41344000000000003,0.1841586607521229,0.97,1.6526970764152438e-11
random_forest,500,64,0.7902995720399429,326,0.1917574017123573,1.0,0.327305754820947,1.0,0.7144199999999999,0.09036845289704648,0.94,9.110869475030671e-10
random_forest,500,98,0.7902995720399429,500,0.07311474294071578,0.96,0.07311474294071578,0.96,0.7904000000000001,0.07300260330641092,0.99,0.0
random_forest,2000,1,0.7902995720399429,20,0.963429070931697,1.0,0.9622845886489722,1.0,0.04651000000000002,0.3713675224930023,0.98,1.1102230246251565e-16
random_forest,2000,4,0.7902995720399429,81,0.7106039756312387,1.0,0.8573501321143816,1.0,0.158385,0.18455179712877282,0.95,1.0769163338864018e-14
random_forest,2000,16,0.7902995720399429,326,0.47221372432886904,1.0,0.6099551323743865,1.0,0.411715,0.09129375529487559,0.95,7.869899610463138e-12
random_forest,2000,64,0.7902995720399429,1306,0.10326816990998253,1.0,0.30716714493618885,1.0,0.7132000000000001,0.044936547386036266,0.96,1.94750049420378e-11
random_forest,2000,98,0.7902995720399429,2000,0.036214807209330284,0.96,0.03621480720933028,0.96,0.789315,0.03618086169937925,0.99,0.0
